date,son_endeks,last,diff
2018/07/23T00:00:00,204.6,204.6,0
2018/07/23T01:00:00,204.7,204.6,0.09999999999999432
2018/07/23T02:00:00,204.7,204.7,0
2018/07/23T03:00:00,204.7,204.7,0
2018/07/23T04:00:00,204.7,204.7,0
2018/07/23T05:00:00,204.7,204.7,0
2018/07/23T06:00:00,204.7,204.7,0
2018/07/23T07:00:00,204.7,204.7,0
2018/07/23T08:00:00,204.7,204.7,0
2018/07/23T09:00:00,204.7,204.7,0
2018/07/23T10:00:00,204.8,204.7,0.10000000000002274
2018/07/23T11:00:00,204.8,204.8,0
2018/07/23T12:00:00,204.8,204.8,0
2018/07/23T13:00:00,204.8,204.8,0
2018/07/23T14:00:00,204.8,204.8,0
2018/07/23T15:00:00,204.8,204.8,0
2018/07/23T16:00:00,204.9,204.8,0.09999999999999432
2018/07/23T17:00:00,204.9,204.9,0
2018/07/23T18:00:00,204.9,204.9,0
2018/07/23T19:00:00,204.9,204.9,0
2018/07/23T20:00:00,204.9,204.9,0
2018/07/23T21:00:00,204.9,204.9,0
2018/07/23T22:00:00,204.9,204.9,0
2018/07/23T23:00:00,205,204.9,0.09999999999999432
2018/07/24T00:00:00,205,205,0
2018/07/24T01:00:00,205,205,0
2018/07/24T02:00:00,205,205,0
2018/07/24T03:00:00,205,205,0
2018/07/24T04:00:00,205,205,0
2018/07/24T05:00:00,205,205,0
2018/07/24T06:00:00,205.1,205,0.09999999999999432
2018/07/24T07:00:00,205.1,205.1,0
2018/07/24T08:00:00,205.1,205.1,0
2018/07/24T09:00:00,205.1,205.1,0
2018/07/24T10:00:00,205.1,205.1,0
2018/07/24T11:00:00,205.1,205.1,0
2018/07/24T12:00:00,205.1,205.1,0
2018/07/24T13:00:00,205.2,205.1,0.09999999999999432
2018/07/24T14:00:00,205.2,205.2,0
2018/07/24T15:00:00,205.2,205.2,0
2018/07/24T16:00:00,205.2,205.2,0
2018/07/24T17:00:00,205.2,205.2,0
2018/07/24T18:00:00,205.3,205.2,0.10000000000002274
2018/07/24T19:00:00,205.3,205.3,0
2018/07/24T20:00:00,205.3,205.3,0
2018/07/24T21:00:00,205.3,205.3,0
2018/07/24T22:00:00,205.4,205.3,0.09999999999999432
2018/07/24T23:00:00,205.4,205.4,0
2018/07/25T00:00:00,205.5,205.4,0.09999999999999432
2018/07/25T01:00:00,205.5,205.5,0
2018/07/25T02:00:00,205.5,205.5,0
2018/07/25T03:00:00,205.5,205.5,0
2018/07/25T04:00:00,205.5,205.5,0
2018/07/25T05:00:00,205.5,205.5,0
2018/07/25T06:00:00,205.5,205.5,0
2018/07/25T07:00:00,205.5,205.5,0
2018/07/25T08:00:00,205.5,205.5,0
2018/07/25T09:00:00,205.5,205.5,0
2018/07/25T10:00:00,205.5,205.5,0
2018/07/25T11:00:00,205.5,205.5,0
2018/07/25T12:00:00,205.5,205.5,0
2018/07/25T13:00:00,205.5,205.5,0
2018/07/25T14:00:00,205.5,205.5,0
2018/07/25T15:00:00,205.6,205.5,0.09999999999999432
2018/07/25T16:00:00,205.6,205.6,0
2018/07/25T17:00:00,205.6,205.6,0
2018/07/25T18:00:00,205.6,205.6,0
2018/07/25T19:00:00,205.6,205.6,0
2018/07/25T20:00:00,205.6,205.6,0
2018/07/25T21:00:00,205.7,205.6,0.09999999999999432
2018/07/25T22:00:00,205.7,205.7,0
2018/07/25T23:00:00,205.7,205.7,0
2018/07/26T00:00:00,205.7,205.7,0
2018/07/26T01:00:00,205.7,205.7,0
2018/07/26T02:00:00,205.7,205.7,0
2018/07/26T03:00:00,205.7,205.7,0
2018/07/26T04:00:00,205.7,205.7,0
2018/07/26T05:00:00,205.7,205.7,0
2018/07/26T06:00:00,205.7,205.7,0
2018/07/26T07:00:00,205.7,205.7,0
2018/07/26T08:00:00,205.7,205.7,0
2018/07/26T09:00:00,205.7,205.7,0
2018/07/26T10:00:00,205.7,205.7,0
2018/07/26T11:00:00,205.7,205.7,0
2018/07/26T12:00:00,205.7,205.7,0
2018/07/26T13:00:00,205.8,205.7,0.10000000000002274
2018/07/26T14:00:00,205.8,205.8,0
2018/07/26T15:00:00,205.9,205.8,0.09999999999999432
2018/07/26T16:00:00,205.9,205.9,0
2018/07/26T17:00:00,206,205.9,0.09999999999999432
2018/07/26T18:00:00,206,206,0
2018/07/26T19:00:00,206,206,0
2018/07/26T20:00:00,206,206,0
2018/07/26T21:00:00,206,206,0
2018/07/26T22:00:00,206.1,206,0.09999999999999432
2018/07/26T23:00:00,206.2,206.1,0.09999999999999432
2018/07/27T00:00:00,206.2,206.2,0
2018/07/27T01:00:00,206.2,206.2,0
2018/07/27T02:00:00,206.2,206.2,0
2018/07/27T03:00:00,206.2,206.2,0
2018/07/27T04:00:00,206.2,206.2,0
2018/07/27T05:00:00,206.2,206.2,0
2018/07/27T06:00:00,206.2,206.2,0
2018/07/27T07:00:00,206.2,206.2,0
2018/07/27T08:00:00,206.2,206.2,0
2018/07/27T09:00:00,206.2,206.2,0
2018/07/27T10:00:00,206.2,206.2,0
2018/07/27T11:00:00,206.3,206.2,0.10000000000002274
2018/07/27T12:00:00,206.4,206.3,0.09999999999999432
2018/07/27T13:00:00,206.4,206.4,0
2018/07/27T14:00:00,206.4,206.4,0
2018/07/27T15:00:00,206.4,206.4,0
2018/07/27T16:00:00,206.4,206.4,0
2018/07/27T17:00:00,206.5,206.4,0.09999999999999432
2018/07/27T18:00:00,206.5,206.5,0
2018/07/27T19:00:00,206.5,206.5,0
2018/07/27T20:00:00,206.5,206.5,0
2018/07/27T21:00:00,206.5,206.5,0
2018/07/27T22:00:00,206.6,206.5,0.09999999999999432
2018/07/27T23:00:00,206.6,206.6,0
2018/07/28T00:00:00,206.6,206.6,0
2018/07/28T01:00:00,206.6,206.6,0
2018/07/28T02:00:00,206.6,206.6,0
2018/07/28T03:00:00,206.6,206.6,0
2018/07/28T04:00:00,206.6,206.6,0
2018/07/28T05:00:00,206.6,206.6,0
2018/07/28T06:00:00,206.6,206.6,0
2018/07/28T07:00:00,206.6,206.6,0
2018/07/28T08:00:00,206.6,206.6,0
2018/07/28T09:00:00,206.6,206.6,0
2018/07/28T10:00:00,206.6,206.6,0
2018/07/28T11:00:00,206.6,206.6,0
2018/07/28T12:00:00,206.6,206.6,0
2018/07/28T13:00:00,206.6,206.6,0
2018/07/28T14:00:00,206.6,206.6,0
2018/07/28T15:00:00,206.6,206.6,0
2018/07/28T16:00:00,206.7,206.6,0.09999999999999432
2018/07/28T17:00:00,206.7,206.7,0
2018/07/28T18:00:00,206.7,206.7,0
2018/07/28T19:00:00,206.7,206.7,0
2018/07/28T20:00:00,206.7,206.7,0
2018/07/28T21:00:00,206.8,206.7,0.10000000000002274
2018/07/28T22:00:00,206.8,206.8,0
2018/07/28T23:00:00,206.8,206.8,0
2018/07/29T00:00:00,206.8,206.8,0
2018/07/29T01:00:00,206.8,206.8,0
2018/07/29T02:00:00,206.8,206.8,0
2018/07/29T03:00:00,206.8,206.8,0
2018/07/29T04:00:00,206.8,206.8,0
2018/07/29T05:00:00,206.9,206.8,0.09999999999999432
2018/07/29T06:00:00,206.9,206.9,0
2018/07/29T07:00:00,206.9,206.9,0
2018/07/29T08:00:00,206.9,206.9,0
2018/07/29T09:00:00,206.9,206.9,0
2018/07/29T10:00:00,206.9,206.9,0
2018/07/29T11:00:00,206.9,206.9,0
2018/07/29T12:00:00,206.9,206.9,0
2018/07/29T13:00:00,207,206.9,0.09999999999999432
2018/07/29T14:00:00,207.1,207,0.09999999999999432
2018/07/29T15:00:00,207.2,207.1,0.09999999999999432
2018/07/29T16:00:00,207.2,207.2,0
2018/07/29T17:00:00,207.3,207.2,0.10000000000002274
2018/07/29T18:00:00,207.3,207.3,0
2018/07/29T19:00:00,207.3,207.3,0
2018/07/29T20:00:00,207.3,207.3,0
2018/07/29T21:00:00,207.3,207.3,0
2018/07/29T22:00:00,207.4,207.3,0.09999999999999432
2018/07/29T23:00:00,207.5,207.4,0.09999999999999432
2018/07/30T00:00:00,207.5,207.5,0
2018/07/30T01:00:00,207.5,207.5,0
2018/07/30T02:00:00,207.5,207.5,0
2018/07/30T03:00:00,207.5,207.5,0
2018/07/30T04:00:00,207.5,207.5,0
2018/07/30T05:00:00,207.5,207.5,0
2018/07/30T06:00:00,207.5,207.5,0
2018/07/30T07:00:00,207.5,207.5,0
2018/07/30T08:00:00,207.6,207.5,0.09999999999999432
2018/07/30T09:00:00,207.6,207.6,0
2018/07/30T10:00:00,207.6,207.6,0
2018/07/30T11:00:00,207.6,207.6,0
2018/07/30T12:00:00,207.6,207.6,0
2018/07/30T13:00:00,207.6,207.6,0
2018/07/30T14:00:00,207.6,207.6,0
2018/07/30T15:00:00,207.7,207.6,0.09999999999999432
2018/07/30T16:00:00,207.7,207.7,0
2018/07/30T17:00:00,207.7,207.7,0
2018/07/30T18:00:00,207.7,207.7,0
2018/07/30T19:00:00,207.7,207.7,0
2018/07/30T20:00:00,207.7,207.7,0
2018/07/30T21:00:00,207.7,207.7,0
2018/07/30T22:00:00,207.7,207.7,0
2018/07/30T23:00:00,207.8,207.7,0.10000000000002274
2018/07/31T00:00:00,207.8,207.8,0
2018/07/31T01:00:00,207.8,207.8,0
2018/07/31T02:00:00,207.8,207.8,0
2018/07/31T03:00:00,207.8,207.8,0
2018/07/31T04:00:00,207.8,207.8,0
2018/07/31T05:00:00,207.8,207.8,0
2018/07/31T06:00:00,207.8,207.8,0
2018/07/31T07:00:00,207.8,207.8,0
2018/07/31T08:00:00,207.8,207.8,0
2018/07/31T09:00:00,207.9,207.8,0.09999999999999432
2018/07/31T10:00:00,207.9,207.9,0
2018/07/31T11:00:00,207.9,207.9,0
2018/07/31T12:00:00,207.9,207.9,0
2018/07/31T13:00:00,208,207.9,0.09999999999999432
2018/07/31T14:00:00,208,208,0
2018/07/31T15:00:00,208,208,0
2018/07/31T16:00:00,208,208,0
2018/07/31T17:00:00,208,208,0
2018/07/31T18:00:00,208.1,208,0.09999999999999432
2018/07/31T19:00:00,208.1,208.1,0
2018/07/31T20:00:00,208.1,208.1,0
2018/07/31T21:00:00,208.1,208.1,0
2018/07/31T22:00:00,208.1,208.1,0
2018/07/31T23:00:00,208.2,208.1,0.09999999999999432
2018/08/01T00:00:00,208.2,208.2,0
2018/08/01T01:00:00,208.2,208.2,0
2018/08/01T02:00:00,208.2,208.2,0
2018/08/01T03:00:00,208.2,208.2,0
2018/08/01T04:00:00,208.2,208.2,0
2018/08/01T05:00:00,208.2,208.2,0
2018/08/01T06:00:00,208.2,208.2,0
2018/08/01T07:00:00,208.3,208.2,0.10000000000002274
2018/08/01T08:00:00,208.3,208.3,0
2018/08/01T09:00:00,208.3,208.3,0
2018/08/01T10:00:00,208.3,208.3,0
2018/08/01T11:00:00,208.3,208.3,0
2018/08/01T12:00:00,208.3,208.3,0
2018/08/01T13:00:00,208.4,208.3,0.09999999999999432
2018/08/01T14:00:00,208.4,208.4,0
2018/08/01T15:00:00,208.4,208.4,0
2018/08/01T16:00:00,208.4,208.4,0
2018/08/01T17:00:00,208.4,208.4,0
2018/08/01T18:00:00,208.4,208.4,0
2018/08/01T19:00:00,208.4,208.4,0
2018/08/01T20:00:00,208.5,208.4,0.09999999999999432
2018/08/01T21:00:00,208.5,208.5,0
2018/08/01T22:00:00,208.5,208.5,0
2018/08/01T23:00:00,208.6,208.5,0.09999999999999432
2018/08/02T00:00:00,208.6,208.6,0
2018/08/02T01:00:00,208.6,208.6,0
2018/08/02T02:00:00,208.6,208.6,0
2018/08/02T03:00:00,208.6,208.6,0
2018/08/02T04:00:00,208.6,208.6,0
2018/08/02T05:00:00,208.6,208.6,0
2018/08/02T06:00:00,208.6,208.6,0
2018/08/02T07:00:00,208.7,208.6,0.09999999999999432
2018/08/02T08:00:00,208.7,208.7,0
2018/08/02T09:00:00,208.7,208.7,0
2018/08/02T10:00:00,208.7,208.7,0
2018/08/02T11:00:00,208.7,208.7,0
2018/08/02T12:00:00,208.7,208.7,0
2018/08/02T13:00:00,208.7,208.7,0
2018/08/02T14:00:00,208.7,208.7,0
2018/08/02T15:00:00,208.8,208.7,0.10000000000002274
2018/08/02T16:00:00,208.8,208.8,0
2018/08/02T17:00:00,208.8,208.8,0
2018/08/02T18:00:00,208.8,208.8,0
2018/08/02T19:00:00,208.8,208.8,0
2018/08/02T20:00:00,208.9,208.8,0.09999999999999432
2018/08/02T21:00:00,208.9,208.9,0
2018/08/02T22:00:00,208.9,208.9,0
2018/08/02T23:00:00,209,208.9,0.09999999999999432
2018/08/03T00:00:00,209,209,0
2018/08/03T01:00:00,209,209,0
2018/08/03T02:00:00,209,209,0
2018/08/03T03:00:00,209,209,0
2018/08/03T04:00:00,209,209,0
2018/08/03T05:00:00,209,209,0
2018/08/03T06:00:00,209,209,0
2018/08/03T07:00:00,209.1,209,0.09999999999999432
2018/08/03T08:00:00,209.1,209.1,0
2018/08/03T09:00:00,209.1,209.1,0
2018/08/03T10:00:00,209.1,209.1,0
2018/08/03T11:00:00,209.2,209.1,0.09999999999999432
2018/08/03T12:00:00,209.2,209.2,0
2018/08/03T13:00:00,209.2,209.2,0
2018/08/03T14:00:00,209.2,209.2,0
2018/08/03T15:00:00,209.2,209.2,0
2018/08/03T16:00:00,209.2,209.2,0
2018/08/03T17:00:00,209.2,209.2,0
2018/08/03T18:00:00,209.2,209.2,0
2018/08/03T19:00:00,209.3,209.2,0.10000000000002274
2018/08/03T20:00:00,209.3,209.3,0
2018/08/03T21:00:00,209.3,209.3,0
2018/08/03T22:00:00,209.3,209.3,0
2018/08/03T23:00:00,209.3,209.3,0
2018/08/04T00:00:00,209.3,209.3,0
2018/08/04T01:00:00,209.4,209.3,0.09999999999999432
2018/08/04T02:00:00,209.4,209.4,0
2018/08/04T03:00:00,209.4,209.4,0
2018/08/04T04:00:00,209.4,209.4,0
2018/08/04T05:00:00,209.4,209.4,0
2018/08/04T06:00:00,209.4,209.4,0
2018/08/04T07:00:00,209.4,209.4,0
2018/08/04T08:00:00,209.4,209.4,0
2018/08/04T09:00:00,209.5,209.4,0.09999999999999432
2018/08/04T10:00:00,209.5,209.5,0
2018/08/04T11:00:00,209.5,209.5,0
2018/08/04T12:00:00,209.5,209.5,0
2018/08/04T13:00:00,209.5,209.5,0
2018/08/04T14:00:00,209.5,209.5,0
2018/08/04T15:00:00,209.6,209.5,0.09999999999999432
2018/08/04T16:00:00,209.6,209.6,0
2018/08/04T17:00:00,209.6,209.6,0
2018/08/04T18:00:00,209.7,209.6,0.09999999999999432
2018/08/04T19:00:00,209.8,209.7,0.10000000000002274
2018/08/04T20:00:00,209.8,209.8,0
2018/08/04T21:00:00,209.8,209.8,0
2018/08/04T22:00:00,209.8,209.8,0
2018/08/04T23:00:00,209.8,209.8,0
2018/08/05T00:00:00,209.9,209.8,0.09999999999999432
2018/08/05T01:00:00,210,209.9,0.09999999999999432
2018/08/05T02:00:00,210,210,0
2018/08/05T03:00:00,210,210,0
2018/08/05T04:00:00,210,210,0
2018/08/05T05:00:00,210,210,0
2018/08/05T06:00:00,210,210,0
2018/08/05T07:00:00,210,210,0
2018/08/05T08:00:00,210,210,0
2018/08/05T09:00:00,210.1,210,0.09999999999999432
2018/08/05T10:00:00,210.1,210.1,0
2018/08/05T11:00:00,210.1,210.1,0
2018/08/05T12:00:00,210.1,210.1,0
2018/08/05T13:00:00,210.1,210.1,0
2018/08/05T14:00:00,210.1,210.1,0
2018/08/05T15:00:00,210.1,210.1,0
2018/08/05T16:00:00,210.1,210.1,0
2018/08/05T17:00:00,210.1,210.1,0
2018/08/05T18:00:00,210.1,210.1,0
2018/08/05T19:00:00,210.1,210.1,0
2018/08/05T20:00:00,210.1,210.1,0
2018/08/05T21:00:00,210.1,210.1,0
2018/08/05T22:00:00,210.2,210.1,0.09999999999999432
2018/08/05T23:00:00,210.2,210.2,0
2018/08/06T00:00:00,210.2,210.2,0
2018/08/06T01:00:00,210.2,210.2,0
2018/08/06T02:00:00,210.2,210.2,0
2018/08/06T03:00:00,210.2,210.2,0
2018/08/06T04:00:00,210.2,210.2,0
2018/08/06T05:00:00,210.2,210.2,0
2018/08/06T06:00:00,210.2,210.2,0
2018/08/06T07:00:00,210.3,210.2,0.10000000000002274
2018/08/06T08:00:00,210.3,210.3,0
2018/08/06T09:00:00,210.3,210.3,0
2018/08/06T10:00:00,210.3,210.3,0
2018/08/06T11:00:00,210.3,210.3,0
2018/08/06T12:00:00,210.3,210.3,0
2018/08/06T13:00:00,210.4,210.3,0.09999999999999432
2018/08/06T14:00:00,210.5,210.4,0.09999999999999432
2018/08/06T15:00:00,210.6,210.5,0.09999999999999432
2018/08/06T16:00:00,210.6,210.6,0
2018/08/06T17:00:00,210.6,210.6,0
2018/08/06T18:00:00,210.7,210.6,0.09999999999999432
2018/08/06T19:00:00,210.7,210.7,0
2018/08/06T20:00:00,210.7,210.7,0
2018/08/06T21:00:00,210.8,210.7,0.10000000000002274
2018/08/06T22:00:00,210.8,210.8,0
2018/08/06T23:00:00,210.8,210.8,0
2018/08/07T00:00:00,210.9,210.8,0.09999999999999432
2018/08/07T01:00:00,210.9,210.9,0
2018/08/07T02:00:00,210.9,210.9,0
2018/08/07T03:00:00,210.9,210.9,0
2018/08/07T04:00:00,210.9,210.9,0
2018/08/07T05:00:00,210.9,210.9,0
2018/08/07T06:00:00,210.9,210.9,0
2018/08/07T07:00:00,210.9,210.9,0
2018/08/07T08:00:00,210.9,210.9,0
2018/08/07T09:00:00,210.9,210.9,0
2018/08/07T10:00:00,210.9,210.9,0
2018/08/07T11:00:00,210.9,210.9,0
2018/08/07T12:00:00,211,210.9,0.09999999999999432
2018/08/07T13:00:00,211,211,0
2018/08/07T14:00:00,211,211,0
2018/08/07T15:00:00,211,211,0
2018/08/07T16:00:00,211,211,0
2018/08/07T17:00:00,211.1,211,0.09999999999999432
2018/08/07T18:00:00,211.1,211.1,0
2018/08/07T19:00:00,211.1,211.1,0
2018/08/07T20:00:00,211.1,211.1,0
2018/08/07T21:00:00,211.2,211.1,0.09999999999999432
2018/08/07T22:00:00,211.3,211.2,0.10000000000002274
2018/08/07T23:00:00,211.4,211.3,0.09999999999999432
2018/08/08T00:00:00,211.4,211.4,0
2018/08/08T01:00:00,211.4,211.4,0
2018/08/08T02:00:00,211.4,211.4,0
2018/08/08T03:00:00,211.4,211.4,0
2018/08/08T04:00:00,211.4,211.4,0
2018/08/08T05:00:00,211.4,211.4,0
2018/08/08T06:00:00,211.4,211.4,0
2018/08/08T07:00:00,211.4,211.4,0
2018/08/08T08:00:00,211.5,211.4,0.09999999999999432
2018/08/08T09:00:00,211.5,211.5,0
2018/08/08T10:00:00,211.5,211.5,0
2018/08/08T11:00:00,211.5,211.5,0
2018/08/08T12:00:00,211.5,211.5,0
2018/08/08T13:00:00,211.5,211.5,0
2018/08/08T14:00:00,211.6,211.5,0.09999999999999432
2018/08/08T15:00:00,211.6,211.6,0
2018/08/08T16:00:00,211.6,211.6,0
2018/08/08T17:00:00,211.6,211.6,0
2018/08/08T18:00:00,211.6,211.6,0
2018/08/08T19:00:00,211.6,211.6,0
2018/08/08T20:00:00,211.6,211.6,0
2018/08/08T21:00:00,211.7,211.6,0.09999999999999432
2018/08/08T22:00:00,211.7,211.7,0
2018/08/08T23:00:00,211.9,211.7,0.20000000000001705
2018/08/09T00:00:00,211.9,211.9,0
2018/08/09T01:00:00,212,211.9,0.09999999999999432
2018/08/09T02:00:00,212,212,0
2018/08/09T03:00:00,212,212,0
2018/08/09T04:00:00,212,212,0
2018/08/09T05:00:00,212,212,0
2018/08/09T06:00:00,212,212,0
2018/08/09T07:00:00,212.1,212,0.09999999999999432
2018/08/09T08:00:00,212.1,212.1,0
2018/08/09T09:00:00,212.1,212.1,0
2018/08/09T10:00:00,212.1,212.1,0
2018/08/09T11:00:00,212.1,212.1,0
2018/08/09T12:00:00,212.1,212.1,0
2018/08/09T13:00:00,212.1,212.1,0
2018/08/09T14:00:00,212.1,212.1,0
2018/08/09T15:00:00,212.2,212.1,0.09999999999999432
2018/08/09T16:00:00,212.2,212.2,0
2018/08/09T17:00:00,212.2,212.2,0
2018/08/09T18:00:00,212.2,212.2,0
2018/08/09T19:00:00,212.3,212.2,0.10000000000002274
2018/08/09T20:00:00,212.3,212.3,0
2018/08/09T21:00:00,212.3,212.3,0
2018/08/09T22:00:00,212.3,212.3,0
2018/08/09T23:00:00,212.4,212.3,0.09999999999999432
2018/08/10T00:00:00,212.4,212.4,0
2018/08/10T01:00:00,212.5,212.4,0.09999999999999432
2018/08/10T02:00:00,212.5,212.5,0
2018/08/10T03:00:00,212.5,212.5,0
2018/08/10T04:00:00,212.5,212.5,0
2018/08/10T05:00:00,212.5,212.5,0
2018/08/10T06:00:00,212.5,212.5,0
2018/08/10T07:00:00,212.5,212.5,0
2018/08/10T08:00:00,212.6,212.5,0.09999999999999432
2018/08/10T09:00:00,212.6,212.6,0
2018/08/10T10:00:00,212.6,212.6,0
2018/08/10T11:00:00,212.6,212.6,0
2018/08/10T12:00:00,212.6,212.6,0
2018/08/10T13:00:00,212.6,212.6,0
2018/08/10T14:00:00,212.6,212.6,0
2018/08/10T15:00:00,212.7,212.6,0.09999999999999432
2018/08/10T16:00:00,212.7,212.7,0
2018/08/10T17:00:00,212.7,212.7,0
2018/08/10T18:00:00,212.7,212.7,0
2018/08/10T19:00:00,212.7,212.7,0
2018/08/10T20:00:00,212.7,212.7,0
2018/08/10T21:00:00,212.7,212.7,0
2018/08/10T22:00:00,212.8,212.7,0.10000000000002274
2018/08/10T23:00:00,212.8,212.8,0
2018/08/11T00:00:00,212.9,212.8,0.09999999999999432
2018/08/11T01:00:00,212.9,212.9,0
2018/08/11T02:00:00,212.9,212.9,0
2018/08/11T03:00:00,213,212.9,0.09999999999999432
2018/08/11T04:00:00,213,213,0
2018/08/11T05:00:00,213,213,0
2018/08/11T06:00:00,213,213,0
2018/08/11T07:00:00,213,213,0
2018/08/11T08:00:00,213,213,0
2018/08/11T09:00:00,213.1,213,0.09999999999999432
2018/08/11T10:00:00,213.1,213.1,0
2018/08/11T11:00:00,213.1,213.1,0
2018/08/11T12:00:00,213.1,213.1,0
2018/08/11T13:00:00,213.2,213.1,0.09999999999999432
2018/08/11T14:00:00,213.2,213.2,0
2018/08/11T15:00:00,213.2,213.2,0
2018/08/11T16:00:00,213.2,213.2,0
2018/08/11T17:00:00,213.2,213.2,0
2018/08/11T18:00:00,213.2,213.2,0
2018/08/11T19:00:00,213.2,213.2,0
2018/08/11T20:00:00,213.3,213.2,0.10000000000002274
2018/08/11T21:00:00,213.3,213.3,0
2018/08/11T22:00:00,213.4,213.3,0.09999999999999432
2018/08/11T23:00:00,213.4,213.4,0
2018/08/12T00:00:00,213.4,213.4,0
2018/08/12T01:00:00,213.4,213.4,0
2018/08/12T02:00:00,213.4,213.4,0
2018/08/12T03:00:00,213.4,213.4,0
2018/08/12T04:00:00,213.4,213.4,0
2018/08/12T05:00:00,213.4,213.4,0
2018/08/12T06:00:00,213.4,213.4,0
2018/08/12T07:00:00,213.4,213.4,0
2018/08/12T08:00:00,213.4,213.4,0
2018/08/12T09:00:00,213.4,213.4,0
2018/08/12T10:00:00,213.4,213.4,0
2018/08/12T11:00:00,213.4,213.4,0
2018/08/12T12:00:00,213.4,213.4,0
2018/08/12T13:00:00,213.4,213.4,0
2018/08/12T14:00:00,213.4,213.4,0
2018/08/12T15:00:00,213.4,213.4,0
2018/08/12T16:00:00,213.4,213.4,0
2018/08/12T17:00:00,213.4,213.4,0
2018/08/12T18:00:00,213.4,213.4,0
2018/08/12T19:00:00,213.4,213.4,0
2018/08/12T20:00:00,213.4,213.4,0
2018/08/12T21:00:00,213.4,213.4,0
2018/08/12T22:00:00,213.4,213.4,0
2018/08/12T23:00:00,213.5,213.4,0.09999999999999432
2018/08/13T00:00:00,213.5,213.5,0
2018/08/13T01:00:00,213.5,213.5,0
2018/08/13T02:00:00,213.5,213.5,0
2018/08/13T03:00:00,213.5,213.5,0
2018/08/13T04:00:00,213.5,213.5,0
2018/08/13T05:00:00,213.5,213.5,0
2018/08/13T06:00:00,213.5,213.5,0
2018/08/13T07:00:00,213.5,213.5,0
2018/08/13T08:00:00,213.5,213.5,0
2018/08/13T09:00:00,213.5,213.5,0
2018/08/13T10:00:00,213.5,213.5,0
2018/08/13T11:00:00,213.6,213.5,0.09999999999999432
2018/08/13T12:00:00,213.6,213.6,0
2018/08/13T13:00:00,213.6,213.6,0
2018/08/13T14:00:00,213.6,213.6,0
2018/08/13T15:00:00,213.6,213.6,0
2018/08/13T16:00:00,213.6,213.6,0
2018/08/13T17:00:00,213.6,213.6,0
2018/08/13T18:00:00,213.6,213.6,0
2018/08/13T19:00:00,213.7,213.6,0.09999999999999432
2018/08/13T20:00:00,213.7,213.7,0
2018/08/13T21:00:00,213.7,213.7,0
2018/08/13T22:00:00,213.7,213.7,0
2018/08/13T23:00:00,213.7,213.7,0
2018/08/14T00:00:00,213.7,213.7,0
2018/08/14T01:00:00,213.7,213.7,0
2018/08/14T02:00:00,213.7,213.7,0
2018/08/14T03:00:00,213.7,213.7,0
2018/08/14T04:00:00,213.7,213.7,0
2018/08/14T05:00:00,213.7,213.7,0
2018/08/14T06:00:00,213.7,213.7,0
2018/08/14T07:00:00,213.7,213.7,0
2018/08/14T08:00:00,213.8,213.7,0.10000000000002274
2018/08/14T09:00:00,213.8,213.8,0
2018/08/14T10:00:00,213.8,213.8,0
2018/08/14T11:00:00,213.8,213.8,0
2018/08/14T12:00:00,213.8,213.8,0
2018/08/14T13:00:00,213.9,213.8,0.09999999999999432
2018/08/14T14:00:00,213.9,213.9,0
2018/08/14T15:00:00,213.9,213.9,0
2018/08/14T16:00:00,214,213.9,0.09999999999999432
2018/08/14T17:00:00,214,214,0
2018/08/14T18:00:00,214,214,0
2018/08/14T19:00:00,214.1,214,0.09999999999999432
2018/08/14T20:00:00,214.1,214.1,0
2018/08/14T21:00:00,214.1,214.1,0
2018/08/14T22:00:00,214.1,214.1,0
2018/08/14T23:00:00,214.1,214.1,0
2018/08/15T00:00:00,214.3,214.1,0.20000000000001705
2018/08/15T01:00:00,214.4,214.3,0.09999999999999432
2018/08/15T02:00:00,214.4,214.4,0
2018/08/15T03:00:00,214.4,214.4,0
2018/08/15T04:00:00,214.4,214.4,0
2018/08/15T05:00:00,214.4,214.4,0
2018/08/15T06:00:00,214.4,214.4,0
2018/08/15T07:00:00,214.4,214.4,0
2018/08/15T08:00:00,214.4,214.4,0
2018/08/15T09:00:00,214.4,214.4,0
2018/08/15T10:00:00,214.5,214.4,0.09999999999999432
2018/08/15T11:00:00,214.5,214.5,0
2018/08/15T12:00:00,214.5,214.5,0
2018/08/15T13:00:00,214.5,214.5,0
2018/08/15T14:00:00,214.5,214.5,0
2018/08/15T15:00:00,214.6,214.5,0.09999999999999432
2018/08/15T16:00:00,214.6,214.6,0
2018/08/15T17:00:00,214.6,214.6,0
2018/08/15T18:00:00,214.6,214.6,0
2018/08/15T19:00:00,214.6,214.6,0
2018/08/15T20:00:00,214.6,214.6,0
2018/08/15T21:00:00,214.6,214.6,0
2018/08/15T22:00:00,214.6,214.6,0
2018/08/15T23:00:00,214.7,214.6,0.09999999999999432
2018/08/16T00:00:00,214.7,214.7,0
2018/08/16T01:00:00,214.7,214.7,0
2018/08/16T02:00:00,214.7,214.7,0
2018/08/16T03:00:00,214.7,214.7,0
2018/08/16T04:00:00,214.7,214.7,0
2018/08/16T05:00:00,214.7,214.7,0
2018/08/16T06:00:00,214.8,214.7,0.10000000000002274
2018/08/16T07:00:00,214.8,214.8,0
2018/08/16T08:00:00,214.8,214.8,0
2018/08/16T09:00:00,214.8,214.8,0
2018/08/16T10:00:00,214.8,214.8,0
2018/08/16T11:00:00,214.8,214.8,0
2018/08/16T12:00:00,214.8,214.8,0
2018/08/16T13:00:00,215,214.8,0.19999999999998863
2018/08/16T14:00:00,215.1,215,0.09999999999999432
2018/08/16T15:00:00,215.1,215.1,0
2018/08/16T16:00:00,215.1,215.1,0
2018/08/16T17:00:00,215.1,215.1,0
2018/08/16T18:00:00,215.1,215.1,0
2018/08/16T19:00:00,215.1,215.1,0
2018/08/16T20:00:00,215.1,215.1,0
2018/08/16T21:00:00,215.2,215.1,0.09999999999999432
2018/08/16T22:00:00,215.3,215.2,0.10000000000002274
2018/08/16T23:00:00,215.3,215.3,0
2018/08/17T00:00:00,215.3,215.3,0
2018/08/17T01:00:00,215.3,215.3,0
2018/08/17T02:00:00,215.3,215.3,0
2018/08/17T03:00:00,215.3,215.3,0
2018/08/17T04:00:00,215.3,215.3,0
2018/08/17T05:00:00,215.3,215.3,0
2018/08/17T06:00:00,215.3,215.3,0
2018/08/17T07:00:00,215.3,215.3,0
2018/08/17T08:00:00,215.3,215.3,0
2018/08/17T09:00:00,215.3,215.3,0
2018/08/17T10:00:00,215.3,215.3,0
2018/08/17T11:00:00,215.3,215.3,0
2018/08/17T12:00:00,215.4,215.3,0.09999999999999432
2018/08/17T13:00:00,215.4,215.4,0
2018/08/17T14:00:00,215.4,215.4,0
2018/08/17T15:00:00,215.5,215.4,0.09999999999999432
2018/08/17T16:00:00,215.5,215.5,0
2018/08/17T17:00:00,215.5,215.5,0
2018/08/17T18:00:00,215.6,215.5,0.09999999999999432
2018/08/17T19:00:00,215.6,215.6,0
2018/08/17T20:00:00,215.6,215.6,0
2018/08/17T21:00:00,215.6,215.6,0
2018/08/17T22:00:00,215.7,215.6,0.09999999999999432
2018/08/17T23:00:00,215.7,215.7,0
2018/08/18T00:00:00,215.7,215.7,0
2018/08/18T01:00:00,215.7,215.7,0
2018/08/18T02:00:00,215.7,215.7,0
2018/08/18T03:00:00,215.7,215.7,0
2018/08/18T04:00:00,215.7,215.7,0
2018/08/18T05:00:00,215.7,215.7,0
2018/08/18T06:00:00,215.7,215.7,0
2018/08/18T07:00:00,215.7,215.7,0
2018/08/18T08:00:00,215.7,215.7,0
2018/08/18T09:00:00,215.8,215.7,0.10000000000002274
2018/08/18T10:00:00,215.8,215.8,0
2018/08/18T11:00:00,215.8,215.8,0
2018/08/18T12:00:00,215.8,215.8,0
2018/08/18T13:00:00,215.8,215.8,0
2018/08/18T14:00:00,215.9,215.8,0.09999999999999432
2018/08/18T15:00:00,215.9,215.9,0
2018/08/18T16:00:00,215.9,215.9,0
2018/08/18T17:00:00,215.9,215.9,0
2018/08/18T18:00:00,215.9,215.9,0
2018/08/18T19:00:00,215.9,215.9,0
2018/08/18T20:00:00,215.9,215.9,0
2018/08/18T21:00:00,215.9,215.9,0
2018/08/18T22:00:00,216,215.9,0.09999999999999432
2018/08/18T23:00:00,216.1,216,0.09999999999999432
2018/08/19T00:00:00,216.1,216.1,0
2018/08/19T01:00:00,216.1,216.1,0
2018/08/19T02:00:00,216.1,216.1,0
2018/08/19T03:00:00,216.1,216.1,0
2018/08/19T04:00:00,216.1,216.1,0
2018/08/19T05:00:00,216.1,216.1,0
2018/08/19T06:00:00,216.1,216.1,0
2018/08/19T07:00:00,216.1,216.1,0
2018/08/19T08:00:00,216.1,216.1,0
2018/08/19T09:00:00,216.1,216.1,0
2018/08/19T10:00:00,216.1,216.1,0
2018/08/19T11:00:00,216.1,216.1,0
2018/08/19T12:00:00,216.2,216.1,0.09999999999999432
2018/08/19T13:00:00,216.3,216.2,0.10000000000002274
2018/08/19T14:00:00,216.3,216.3,0
2018/08/19T15:00:00,216.3,216.3,0
2018/08/19T16:00:00,216.3,216.3,0
2018/08/19T17:00:00,216.3,216.3,0
2018/08/19T18:00:00,216.3,216.3,0
2018/08/19T19:00:00,216.4,216.3,0.09999999999999432
2018/08/19T20:00:00,216.4,216.4,0
2018/08/19T21:00:00,216.4,216.4,0
2018/08/19T22:00:00,216.4,216.4,0
2018/08/19T23:00:00,216.5,216.4,0.09999999999999432
2018/08/20T00:00:00,216.5,216.5,0
2018/08/20T01:00:00,216.5,216.5,0
2018/08/20T02:00:00,216.5,216.5,0
2018/08/20T03:00:00,216.5,216.5,0
2018/08/20T04:00:00,216.5,216.5,0
2018/08/20T05:00:00,216.5,216.5,0
2018/08/20T06:00:00,216.6,216.5,0.09999999999999432
2018/08/20T07:00:00,216.6,216.6,0
2018/08/20T08:00:00,216.6,216.6,0
2018/08/20T09:00:00,216.6,216.6,0
2018/08/20T10:00:00,216.6,216.6,0
2018/08/20T11:00:00,216.6,216.6,0
2018/08/20T12:00:00,216.6,216.6,0
2018/08/20T13:00:00,216.7,216.6,0.09999999999999432
2018/08/20T14:00:00,216.7,216.7,0
2018/08/20T15:00:00,216.8,216.7,0.10000000000002274
2018/08/20T16:00:00,216.9,216.8,0.09999999999999432
2018/08/20T17:00:00,216.9,216.9,0
2018/08/20T18:00:00,216.9,216.9,0
2018/08/20T19:00:00,216.9,216.9,0
2018/08/20T20:00:00,217,216.9,0.09999999999999432
2018/08/20T21:00:00,217,217,0
2018/08/20T22:00:00,217,217,0
2018/08/20T23:00:00,217,217,0
2018/08/21T00:00:00,217,217,0
2018/08/21T01:00:00,217.1,217,0.09999999999999432
2018/08/21T02:00:00,217.1,217.1,0
2018/08/21T03:00:00,217.1,217.1,0
2018/08/21T04:00:00,217.1,217.1,0
2018/08/21T05:00:00,217.1,217.1,0
2018/08/21T06:00:00,217.1,217.1,0
2018/08/21T07:00:00,217.1,217.1,0
2018/08/21T08:00:00,217.1,217.1,0
2018/08/21T09:00:00,217.2,217.1,0.09999999999999432
2018/08/21T10:00:00,217.2,217.2,0
2018/08/21T11:00:00,217.2,217.2,0
2018/08/21T12:00:00,217.2,217.2,0
2018/08/21T13:00:00,217.2,217.2,0
2018/08/21T14:00:00,217.2,217.2,0
2018/08/21T15:00:00,217.3,217.2,0.10000000000002274
2018/08/21T16:00:00,217.3,217.3,0
2018/08/21T17:00:00,217.3,217.3,0
2018/08/21T18:00:00,217.3,217.3,0
2018/08/21T19:00:00,217.3,217.3,0
2018/08/21T20:00:00,217.4,217.3,0.09999999999999432
2018/08/21T21:00:00,217.4,217.4,0
2018/08/21T22:00:00,217.5,217.4,0.09999999999999432
2018/08/21T23:00:00,217.6,217.5,0.09999999999999432
2018/08/22T00:00:00,217.6,217.6,0
2018/08/22T01:00:00,217.6,217.6,0
2018/08/22T02:00:00,217.6,217.6,0
2018/08/22T03:00:00,217.6,217.6,0
2018/08/22T04:00:00,217.6,217.6,0
2018/08/22T05:00:00,217.6,217.6,0
2018/08/22T06:00:00,217.7,217.6,0.09999999999999432
2018/08/22T07:00:00,217.7,217.7,0
2018/08/22T08:00:00,217.7,217.7,0
2018/08/22T09:00:00,217.7,217.7,0
2018/08/22T10:00:00,217.7,217.7,0
2018/08/22T11:00:00,217.7,217.7,0
2018/08/22T12:00:00,217.8,217.7,0.10000000000002274
2018/08/22T13:00:00,217.9,217.8,0.09999999999999432
2018/08/22T14:00:00,217.9,217.9,0
2018/08/22T15:00:00,218,217.9,0.09999999999999432
2018/08/22T16:00:00,218,218,0
2018/08/22T17:00:00,218,218,0
2018/08/22T18:00:00,218,218,0
2018/08/22T19:00:00,218.1,218,0.09999999999999432
2018/08/22T20:00:00,218.1,218.1,0
2018/08/22T21:00:00,218.1,218.1,0
2018/08/22T22:00:00,218.1,218.1,0
2018/08/22T23:00:00,218.2,218.1,0.09999999999999432
2018/08/23T00:00:00,218.2,218.2,0
2018/08/23T01:00:00,218.2,218.2,0
2018/08/23T02:00:00,218.3,218.2,0.10000000000002274
2018/08/23T03:00:00,218.3,218.3,0
2018/08/23T04:00:00,218.3,218.3,0
2018/08/23T05:00:00,218.3,218.3,0
2018/08/23T06:00:00,218.3,218.3,0
2018/08/23T07:00:00,218.3,218.3,0
2018/08/23T08:00:00,218.3,218.3,0
2018/08/23T09:00:00,218.3,218.3,0
2018/08/23T10:00:00,218.3,218.3,0
2018/08/23T11:00:00,218.3,218.3,0
2018/08/23T12:00:00,218.3,218.3,0
2018/08/23T13:00:00,218.4,218.3,0.09999999999999432
2018/08/23T14:00:00,218.4,218.4,0
2018/08/23T15:00:00,218.4,218.4,0
2018/08/23T16:00:00,218.4,218.4,0
2018/08/23T17:00:00,218.4,218.4,0
2018/08/23T18:00:00,218.4,218.4,0
2018/08/23T19:00:00,218.4,218.4,0
2018/08/23T20:00:00,218.4,218.4,0
2018/08/23T21:00:00,218.4,218.4,0
2018/08/23T22:00:00,218.4,218.4,0
2018/08/23T23:00:00,218.5,218.4,0.09999999999999432
2018/08/24T00:00:00,218.5,218.5,0
2018/08/24T01:00:00,218.5,218.5,0
2018/08/24T02:00:00,218.5,218.5,0
2018/08/24T03:00:00,218.5,218.5,0
2018/08/24T04:00:00,218.5,218.5,0
2018/08/24T05:00:00,218.5,218.5,0
2018/08/24T06:00:00,218.5,218.5,0
2018/08/24T07:00:00,218.5,218.5,0
2018/08/24T08:00:00,218.5,218.5,0
2018/08/24T09:00:00,218.5,218.5,0
2018/08/24T10:00:00,218.5,218.5,0
2018/08/24T11:00:00,218.5,218.5,0
2018/08/24T12:00:00,218.6,218.5,0.09999999999999432
2018/08/24T13:00:00,218.6,218.6,0
2018/08/24T14:00:00,218.6,218.6,0
2018/08/24T15:00:00,218.7,218.6,0.09999999999999432
2018/08/24T16:00:00,218.7,218.7,0
2018/08/24T17:00:00,218.7,218.7,0
2018/08/24T18:00:00,218.7,218.7,0
2018/08/24T19:00:00,218.7,218.7,0
2018/08/24T20:00:00,218.7,218.7,0
2018/08/24T21:00:00,218.7,218.7,0
2018/08/24T22:00:00,218.7,218.7,0
2018/08/24T23:00:00,218.7,218.7,0
2018/08/25T00:00:00,218.7,218.7,0
2018/08/25T01:00:00,218.8,218.7,0.10000000000002274
2018/08/25T02:00:00,218.8,218.8,0
2018/08/25T03:00:00,218.8,218.8,0
2018/08/25T04:00:00,218.8,218.8,0
2018/08/25T05:00:00,218.8,218.8,0
2018/08/25T06:00:00,218.8,218.8,0
2018/08/25T07:00:00,218.8,218.8,0
2018/08/25T08:00:00,218.8,218.8,0
2018/08/25T09:00:00,218.8,218.8,0
2018/08/25T10:00:00,218.8,218.8,0
2018/08/25T11:00:00,218.8,218.8,0
2018/08/25T12:00:00,218.8,218.8,0
2018/08/25T13:00:00,218.8,218.8,0
2018/08/25T14:00:00,218.8,218.8,0
2018/08/25T15:00:00,218.8,218.8,0
2018/08/25T16:00:00,218.8,218.8,0
2018/08/25T17:00:00,218.8,218.8,0
2018/08/25T18:00:00,218.8,218.8,0
2018/08/25T19:00:00,218.8,218.8,0
2018/08/25T20:00:00,218.8,218.8,0
2018/08/25T21:00:00,218.8,218.8,0
2018/08/25T22:00:00,218.8,218.8,0
2018/08/25T23:00:00,218.8,218.8,0
2018/08/26T00:00:00,218.8,218.8,0
2018/08/26T01:00:00,218.8,218.8,0
2018/08/26T02:00:00,218.8,218.8,0
2018/08/26T03:00:00,218.8,218.8,0
2018/08/26T04:00:00,218.8,218.8,0
2018/08/26T05:00:00,218.8,218.8,0
2018/08/26T06:00:00,218.8,218.8,0
2018/08/26T07:00:00,218.8,218.8,0
2018/08/26T08:00:00,218.8,218.8,0
2018/08/26T09:00:00,218.8,218.8,0
2018/08/26T10:00:00,218.8,218.8,0
2018/08/26T11:00:00,218.8,218.8,0
2018/08/26T12:00:00,218.8,218.8,0
2018/08/26T13:00:00,218.9,218.8,0.09999999999999432
2018/08/26T14:00:00,218.9,218.9,0
2018/08/26T15:00:00,218.9,218.9,0
2018/08/26T16:00:00,218.9,218.9,0
2018/08/26T17:00:00,218.9,218.9,0
2018/08/26T18:00:00,218.9,218.9,0
2018/08/26T19:00:00,219,218.9,0.09999999999999432
2018/08/26T20:00:00,219,219,0
2018/08/26T21:00:00,219,219,0
2018/08/26T22:00:00,219,219,0
2018/08/26T23:00:00,219.1,219,0.09999999999999432
2018/08/27T00:00:00,219.1,219.1,0
2018/08/27T01:00:00,219.1,219.1,0
2018/08/27T02:00:00,219.1,219.1,0
2018/08/27T03:00:00,219.1,219.1,0
2018/08/27T04:00:00,219.1,219.1,0
2018/08/27T05:00:00,219.1,219.1,0
2018/08/27T06:00:00,219.1,219.1,0
2018/08/27T07:00:00,219.1,219.1,0
2018/08/27T08:00:00,219.1,219.1,0
2018/08/27T09:00:00,219.1,219.1,0
2018/08/27T10:00:00,219.1,219.1,0
2018/08/27T11:00:00,219.1,219.1,0
2018/08/27T12:00:00,219.1,219.1,0
2018/08/27T13:00:00,219.1,219.1,0
2018/08/27T14:00:00,219.1,219.1,0
2018/08/27T15:00:00,219.1,219.1,0
2018/08/27T16:00:00,219.1,219.1,0
2018/08/27T17:00:00,219.1,219.1,0
2018/08/27T18:00:00,219.1,219.1,0
2018/08/27T19:00:00,219.1,219.1,0
2018/08/27T20:00:00,219.1,219.1,0
2018/08/27T21:00:00,219.2,219.1,0.09999999999999432
2018/08/27T22:00:00,219.2,219.2,0
2018/08/27T23:00:00,219.2,219.2,0
2018/08/28T00:00:00,219.2,219.2,0
2018/08/28T01:00:00,219.2,219.2,0
2018/08/28T02:00:00,219.2,219.2,0
2018/08/28T03:00:00,219.2,219.2,0
2018/08/28T04:00:00,219.2,219.2,0
2018/08/28T05:00:00,219.2,219.2,0
2018/08/28T06:00:00,219.2,219.2,0
2018/08/28T07:00:00,219.2,219.2,0
2018/08/28T08:00:00,219.2,219.2,0
2018/08/28T09:00:00,219.2,219.2,0
2018/08/28T10:00:00,219.2,219.2,0
2018/08/28T11:00:00,219.2,219.2,0
2018/08/28T12:00:00,219.2,219.2,0
2018/08/28T13:00:00,219.2,219.2,0
2018/08/28T14:00:00,219.2,219.2,0
2018/08/28T15:00:00,219.2,219.2,0
2018/08/28T16:00:00,219.2,219.2,0
2018/08/28T17:00:00,219.2,219.2,0
2018/08/28T18:00:00,219.2,219.2,0
2018/08/28T19:00:00,219.3,219.2,0.10000000000002274
2018/08/28T20:00:00,219.3,219.3,0
2018/08/28T21:00:00,219.3,219.3,0
2018/08/28T22:00:00,219.4,219.3,0.09999999999999432
2018/08/28T23:00:00,219.4,219.4,0
2018/08/29T00:00:00,219.4,219.4,0
2018/08/29T01:00:00,219.4,219.4,0
2018/08/29T02:00:00,219.4,219.4,0
2018/08/29T03:00:00,219.4,219.4,0
2018/08/29T04:00:00,219.4,219.4,0
2018/08/29T05:00:00,219.4,219.4,0
2018/08/29T06:00:00,219.4,219.4,0
2018/08/29T07:00:00,219.4,219.4,0
2018/08/29T08:00:00,219.4,219.4,0
2018/08/29T09:00:00,219.5,219.4,0.09999999999999432
2018/08/29T10:00:00,219.5,219.5,0
2018/08/29T11:00:00,219.5,219.5,0
2018/08/29T12:00:00,219.5,219.5,0
2018/08/29T13:00:00,219.5,219.5,0
2018/08/29T14:00:00,219.5,219.5,0
2018/08/29T15:00:00,219.5,219.5,0
2018/08/29T16:00:00,219.5,219.5,0
2018/08/29T17:00:00,219.5,219.5,0
2018/08/29T18:00:00,219.5,219.5,0
2018/08/29T19:00:00,219.5,219.5,0
2018/08/29T20:00:00,219.5,219.5,0
2018/08/29T21:00:00,219.5,219.5,0
2018/08/29T22:00:00,219.5,219.5,0
2018/08/29T23:00:00,219.5,219.5,0
2018/08/30T00:00:00,219.5,219.5,0
2018/08/30T01:00:00,219.5,219.5,0
2018/08/30T02:00:00,219.5,219.5,0
2018/08/30T03:00:00,219.5,219.5,0
2018/08/30T04:00:00,219.5,219.5,0
2018/08/30T05:00:00,219.5,219.5,0
2018/08/30T06:00:00,219.6,219.5,0.09999999999999432
2018/08/30T07:00:00,219.6,219.6,0
2018/08/30T08:00:00,219.6,219.6,0
2018/08/30T09:00:00,219.6,219.6,0
2018/08/30T10:00:00,219.6,219.6,0
2018/08/30T11:00:00,219.6,219.6,0
2018/08/30T12:00:00,219.6,219.6,0
2018/08/30T13:00:00,219.6,219.6,0
2018/08/30T14:00:00,219.7,219.6,0.09999999999999432
2018/08/30T15:00:00,219.8,219.7,0.10000000000002274
2018/08/30T16:00:00,219.8,219.8,0
2018/08/30T17:00:00,219.8,219.8,0
2018/08/30T18:00:00,219.8,219.8,0
2018/08/30T19:00:00,219.8,219.8,0
2018/08/30T20:00:00,219.8,219.8,0
2018/08/30T21:00:00,219.8,219.8,0
2018/08/30T22:00:00,219.8,219.8,0
2018/08/30T23:00:00,219.9,219.8,0.09999999999999432
2018/08/31T00:00:00,219.9,219.9,0
2018/08/31T01:00:00,219.9,219.9,0
2018/08/31T02:00:00,219.9,219.9,0
2018/08/31T03:00:00,219.9,219.9,0
2018/08/31T04:00:00,219.9,219.9,0
2018/08/31T05:00:00,219.9,219.9,0
2018/08/31T06:00:00,219.9,219.9,0
2018/08/31T07:00:00,219.9,219.9,0
2018/08/31T08:00:00,219.9,219.9,0
2018/08/31T09:00:00,219.9,219.9,0
2018/08/31T10:00:00,219.9,219.9,0
2018/08/31T11:00:00,219.9,219.9,0
2018/08/31T12:00:00,219.9,219.9,0
2018/08/31T13:00:00,219.9,219.9,0
2018/08/31T14:00:00,219.9,219.9,0
2018/08/31T15:00:00,220,219.9,0.09999999999999432
2018/08/31T16:00:00,220,220,0
2018/08/31T17:00:00,220,220,0
2018/08/31T18:00:00,220,220,0
2018/08/31T19:00:00,220,220,0
2018/08/31T20:00:00,220,220,0
2018/08/31T21:00:00,220,220,0
2018/08/31T22:00:00,220,220,0
2018/08/31T23:00:00,220,220,0
2018/09/01T00:00:00,220.1,220,0.09999999999999432
2018/09/01T01:00:00,220.2,220.1,0.09999999999999432
2018/09/01T02:00:00,220.2,220.2,0
2018/09/01T03:00:00,220.2,220.2,0
2018/09/01T04:00:00,220.2,220.2,0
2018/09/01T05:00:00,220.2,220.2,0
2018/09/01T06:00:00,220.2,220.2,0
2018/09/01T07:00:00,220.2,220.2,0
2018/09/01T08:00:00,220.2,220.2,0
2018/09/01T09:00:00,220.2,220.2,0
2018/09/01T10:00:00,220.2,220.2,0
2018/09/01T11:00:00,220.2,220.2,0
2018/09/01T12:00:00,220.2,220.2,0
2018/09/01T13:00:00,220.2,220.2,0
2018/09/01T14:00:00,220.2,220.2,0
2018/09/01T15:00:00,220.2,220.2,0
2018/09/01T16:00:00,220.2,220.2,0
2018/09/01T17:00:00,220.2,220.2,0
2018/09/01T18:00:00,220.2,220.2,0
2018/09/01T19:00:00,220.2,220.2,0
2018/09/01T20:00:00,220.2,220.2,0
2018/09/01T21:00:00,220.2,220.2,0
2018/09/01T22:00:00,220.2,220.2,0
2018/09/01T23:00:00,220.3,220.2,0.10000000000002274
2018/09/02T00:00:00,220.3,220.3,0
2018/09/02T01:00:00,220.3,220.3,0
2018/09/02T02:00:00,220.3,220.3,0
2018/09/02T03:00:00,220.3,220.3,0
2018/09/02T04:00:00,220.3,220.3,0
2018/09/02T05:00:00,220.3,220.3,0
2018/09/02T06:00:00,220.3,220.3,0
2018/09/02T07:00:00,220.3,220.3,0
2018/09/02T08:00:00,220.3,220.3,0
2018/09/02T09:00:00,220.3,220.3,0
2018/09/02T10:00:00,220.3,220.3,0
2018/09/02T11:00:00,220.3,220.3,0
2018/09/02T12:00:00,220.3,220.3,0
2018/09/02T13:00:00,220.3,220.3,0
2018/09/02T14:00:00,220.3,220.3,0
2018/09/02T15:00:00,220.3,220.3,0
2018/09/02T16:00:00,220.4,220.3,0.09999999999999432
2018/09/02T17:00:00,220.4,220.4,0
2018/09/02T18:00:00,220.4,220.4,0
2018/09/02T19:00:00,220.4,220.4,0
2018/09/02T20:00:00,220.4,220.4,0
2018/09/02T21:00:00,220.4,220.4,0
2018/09/02T22:00:00,220.4,220.4,0
2018/09/02T23:00:00,220.5,220.4,0.09999999999999432
2018/09/03T00:00:00,220.5,220.5,0
2018/09/03T01:00:00,220.5,220.5,0
2018/09/03T02:00:00,220.5,220.5,0
2018/09/03T03:00:00,220.5,220.5,0
2018/09/03T04:00:00,220.5,220.5,0
2018/09/03T05:00:00,220.5,220.5,0
2018/09/03T06:00:00,220.5,220.5,0
2018/09/03T07:00:00,220.5,220.5,0
2018/09/03T08:00:00,220.5,220.5,0
2018/09/03T09:00:00,220.5,220.5,0
2018/09/03T10:00:00,220.5,220.5,0
2018/09/03T11:00:00,220.5,220.5,0
2018/09/03T12:00:00,220.5,220.5,0
2018/09/03T13:00:00,220.5,220.5,0
2018/09/03T14:00:00,220.6,220.5,0.09999999999999432
2018/09/03T15:00:00,220.6,220.6,0
2018/09/03T16:00:00,220.6,220.6,0
2018/09/03T17:00:00,220.6,220.6,0
2018/09/03T18:00:00,220.6,220.6,0
2018/09/03T19:00:00,220.6,220.6,0
2018/09/03T20:00:00,220.6,220.6,0
2018/09/03T21:00:00,220.6,220.6,0
2018/09/03T22:00:00,220.6,220.6,0
2018/09/03T23:00:00,220.6,220.6,0
2018/09/04T00:00:00,220.6,220.6,0
2018/09/04T01:00:00,220.6,220.6,0
2018/09/04T02:00:00,220.6,220.6,0
2018/09/04T03:00:00,220.6,220.6,0
2018/09/04T04:00:00,220.7,220.6,0.09999999999999432
2018/09/04T05:00:00,220.7,220.7,0
2018/09/04T06:00:00,220.7,220.7,0
2018/09/04T07:00:00,220.7,220.7,0
2018/09/04T08:00:00,220.7,220.7,0
2018/09/04T09:00:00,220.7,220.7,0
2018/09/04T10:00:00,220.7,220.7,0
2018/09/04T11:00:00,220.8,220.7,0.10000000000002274
2018/09/04T12:00:00,220.9,220.8,0.09999999999999432
2018/09/04T13:00:00,220.9,220.9,0
2018/09/04T14:00:00,221,220.9,0.09999999999999432
2018/09/04T15:00:00,221.1,221,0.09999999999999432
2018/09/04T16:00:00,221.1,221.1,0
2018/09/04T17:00:00,221.1,221.1,0
2018/09/04T18:00:00,221.1,221.1,0
2018/09/04T19:00:00,221.1,221.1,0
2018/09/04T20:00:00,221.1,221.1,0
2018/09/04T21:00:00,221.2,221.1,0.09999999999999432
2018/09/04T22:00:00,221.2,221.2,0
2018/09/04T23:00:00,221.3,221.2,0.10000000000002274
2018/09/05T00:00:00,221.3,221.3,0
2018/09/05T01:00:00,221.3,221.3,0
2018/09/05T02:00:00,221.3,221.3,0
2018/09/05T03:00:00,221.3,221.3,0
2018/09/05T04:00:00,221.3,221.3,0
2018/09/05T05:00:00,221.3,221.3,0
2018/09/05T06:00:00,221.3,221.3,0
2018/09/05T07:00:00,221.4,221.3,0.09999999999999432
2018/09/05T08:00:00,221.4,221.4,0
2018/09/05T09:00:00,221.4,221.4,0
2018/09/05T10:00:00,221.5,221.4,0.09999999999999432
2018/09/05T11:00:00,221.5,221.5,0
2018/09/05T12:00:00,221.5,221.5,0
2018/09/05T13:00:00,221.5,221.5,0
2018/09/05T14:00:00,221.6,221.5,0.09999999999999432
2018/09/05T15:00:00,221.7,221.6,0.09999999999999432
2018/09/05T16:00:00,221.7,221.7,0
2018/09/05T17:00:00,221.7,221.7,0
2018/09/05T18:00:00,221.7,221.7,0
2018/09/05T19:00:00,221.7,221.7,0
2018/09/05T20:00:00,221.7,221.7,0
2018/09/05T21:00:00,221.7,221.7,0
2018/09/05T22:00:00,221.7,221.7,0
2018/09/05T23:00:00,221.8,221.7,0.10000000000002274
2018/09/06T00:00:00,221.9,221.8,0.09999999999999432
2018/09/06T01:00:00,221.9,221.9,0
2018/09/06T02:00:00,221.9,221.9,0
2018/09/06T03:00:00,221.9,221.9,0
2018/09/06T04:00:00,221.9,221.9,0
2018/09/06T05:00:00,221.9,221.9,0
2018/09/06T06:00:00,221.9,221.9,0
2018/09/06T07:00:00,221.9,221.9,0
2018/09/06T08:00:00,221.9,221.9,0
2018/09/06T09:00:00,221.9,221.9,0
2018/09/06T10:00:00,221.9,221.9,0
2018/09/06T11:00:00,221.9,221.9,0
2018/09/06T12:00:00,222,221.9,0.09999999999999432
2018/09/06T13:00:00,222,222,0
2018/09/06T14:00:00,222,222,0
2018/09/06T15:00:00,222,222,0
2018/09/06T16:00:00,222,222,0
2018/09/06T17:00:00,222.1,222,0.09999999999999432
2018/09/06T18:00:00,222.1,222.1,0
2018/09/06T19:00:00,222.1,222.1,0
2018/09/06T20:00:00,222.1,222.1,0
2018/09/06T21:00:00,222.1,222.1,0
2018/09/06T22:00:00,222.2,222.1,0.09999999999999432
2018/09/06T23:00:00,222.2,222.2,0
2018/09/07T00:00:00,222.2,222.2,0
2018/09/07T01:00:00,222.2,222.2,0
2018/09/07T02:00:00,222.2,222.2,0
2018/09/07T03:00:00,222.2,222.2,0
2018/09/07T04:00:00,222.2,222.2,0
2018/09/07T05:00:00,222.2,222.2,0
2018/09/07T06:00:00,222.2,222.2,0
2018/09/07T07:00:00,222.2,222.2,0
2018/09/07T08:00:00,222.3,222.2,0.10000000000002274
2018/09/07T09:00:00,222.3,222.3,0
2018/09/07T10:00:00,222.3,222.3,0
2018/09/07T11:00:00,222.3,222.3,0
2018/09/07T12:00:00,222.4,222.3,0.09999999999999432
2018/09/07T13:00:00,222.4,222.4,0
2018/09/07T14:00:00,222.4,222.4,0
2018/09/07T15:00:00,222.4,222.4,0
2018/09/07T16:00:00,222.4,222.4,0
2018/09/07T17:00:00,222.4,222.4,0
2018/09/07T18:00:00,222.4,222.4,0
2018/09/07T19:00:00,222.4,222.4,0
2018/09/07T20:00:00,222.4,222.4,0
2018/09/07T21:00:00,222.4,222.4,0
2018/09/07T22:00:00,222.5,222.4,0.09999999999999432
2018/09/07T23:00:00,222.6,222.5,0.09999999999999432
2018/09/08T00:00:00,222.6,222.6,0
2018/09/08T01:00:00,222.6,222.6,0
2018/09/08T02:00:00,222.6,222.6,0
2018/09/08T03:00:00,222.6,222.6,0
2018/09/08T04:00:00,222.6,222.6,0
2018/09/08T05:00:00,222.6,222.6,0
2018/09/08T06:00:00,222.6,222.6,0
2018/09/08T07:00:00,222.6,222.6,0
2018/09/08T08:00:00,222.6,222.6,0
2018/09/08T09:00:00,222.6,222.6,0
2018/09/08T10:00:00,222.6,222.6,0
2018/09/08T11:00:00,222.6,222.6,0
2018/09/08T12:00:00,222.6,222.6,0
2018/09/08T13:00:00,222.7,222.6,0.09999999999999432
2018/09/08T14:00:00,222.7,222.7,0
2018/09/08T15:00:00,222.7,222.7,0
2018/09/08T16:00:00,222.8,222.7,0.10000000000002274
2018/09/08T17:00:00,222.8,222.8,0
2018/09/08T18:00:00,222.8,222.8,0
2018/09/08T19:00:00,222.8,222.8,0
2018/09/08T20:00:00,222.8,222.8,0
2018/09/08T21:00:00,222.8,222.8,0
2018/09/08T22:00:00,222.8,222.8,0
2018/09/08T23:00:00,222.8,222.8,0
2018/09/09T00:00:00,222.9,222.8,0.09999999999999432
2018/09/09T01:00:00,222.9,222.9,0
2018/09/09T02:00:00,222.9,222.9,0
2018/09/09T03:00:00,222.9,222.9,0
2018/09/09T04:00:00,222.9,222.9,0
2018/09/09T05:00:00,222.9,222.9,0
2018/09/09T06:00:00,222.9,222.9,0
2018/09/09T07:00:00,222.9,222.9,0
2018/09/09T08:00:00,222.9,222.9,0
2018/09/09T09:00:00,222.9,222.9,0
2018/09/09T10:00:00,222.9,222.9,0
2018/09/09T11:00:00,222.9,222.9,0
2018/09/09T12:00:00,223,222.9,0.09999999999999432
2018/09/09T13:00:00,223,223,0
2018/09/09T14:00:00,223,223,0
2018/09/09T15:00:00,223,223,0
2018/09/09T16:00:00,223,223,0
2018/09/09T17:00:00,223.1,223,0.09999999999999432
2018/09/09T18:00:00,223.1,223.1,0
2018/09/09T19:00:00,223.2,223.1,0.09999999999999432
2018/09/09T20:00:00,223.2,223.2,0
2018/09/09T21:00:00,223.2,223.2,0
2018/09/09T22:00:00,223.2,223.2,0
2018/09/09T23:00:00,223.2,223.2,0
2018/09/10T00:00:00,223.2,223.2,0
2018/09/10T01:00:00,223.2,223.2,0
2018/09/10T02:00:00,223.2,223.2,0
2018/09/10T03:00:00,223.2,223.2,0
2018/09/10T04:00:00,223.2,223.2,0
2018/09/10T05:00:00,223.2,223.2,0
2018/09/10T06:00:00,223.2,223.2,0
2018/09/10T07:00:00,223.3,223.2,0.10000000000002274
2018/09/10T08:00:00,223.3,223.3,0
2018/09/10T09:00:00,223.3,223.3,0
2018/09/10T10:00:00,223.3,223.3,0
2018/09/10T11:00:00,223.3,223.3,0
2018/09/10T12:00:00,223.3,223.3,0
2018/09/10T13:00:00,223.3,223.3,0
2018/09/10T14:00:00,223.4,223.3,0.09999999999999432
2018/09/10T15:00:00,223.5,223.4,0.09999999999999432
2018/09/10T16:00:00,223.5,223.5,0
2018/09/10T17:00:00,223.5,223.5,0
2018/09/10T18:00:00,223.6,223.5,0.09999999999999432
2018/09/10T19:00:00,223.6,223.6,0
2018/09/10T20:00:00,223.6,223.6,0
2018/09/10T21:00:00,223.6,223.6,0
2018/09/10T22:00:00,223.6,223.6,0
2018/09/10T23:00:00,223.7,223.6,0.09999999999999432
2018/09/11T00:00:00,223.7,223.7,0
2018/09/11T01:00:00,223.7,223.7,0
2018/09/11T02:00:00,223.7,223.7,0
2018/09/11T03:00:00,223.7,223.7,0
2018/09/11T04:00:00,223.7,223.7,0
2018/09/11T05:00:00,223.7,223.7,0
2018/09/11T06:00:00,223.7,223.7,0
2018/09/11T07:00:00,223.7,223.7,0
2018/09/11T08:00:00,223.7,223.7,0
2018/09/11T09:00:00,223.7,223.7,0
2018/09/11T10:00:00,223.7,223.7,0
2018/09/11T11:00:00,223.7,223.7,0
2018/09/11T12:00:00,223.7,223.7,0
2018/09/11T13:00:00,223.7,223.7,0
2018/09/11T14:00:00,223.7,223.7,0
2018/09/11T15:00:00,223.7,223.7,0
2018/09/11T16:00:00,223.7,223.7,0
2018/09/11T17:00:00,223.7,223.7,0
2018/09/11T18:00:00,223.8,223.7,0.10000000000002274
2018/09/11T19:00:00,223.8,223.8,0
2018/09/11T20:00:00,223.8,223.8,0
2018/09/11T21:00:00,223.8,223.8,0
2018/09/11T22:00:00,223.8,223.8,0
2018/09/11T23:00:00,223.9,223.8,0.09999999999999432
2018/09/12T00:00:00,224,223.9,0.09999999999999432
2018/09/12T01:00:00,224,224,0
2018/09/12T02:00:00,224,224,0
2018/09/12T03:00:00,224,224,0
2018/09/12T04:00:00,224,224,0
2018/09/12T05:00:00,224,224,0
2018/09/12T06:00:00,224.1,224,0.09999999999999432
2018/09/12T07:00:00,224.1,224.1,0
2018/09/12T08:00:00,224.1,224.1,0
2018/09/12T09:00:00,224.1,224.1,0
2018/09/12T10:00:00,224.1,224.1,0
2018/09/12T11:00:00,224.1,224.1,0
2018/09/12T12:00:00,224.2,224.1,0.09999999999999432
2018/09/12T13:00:00,224.2,224.2,0
2018/09/12T14:00:00,224.3,224.2,0.10000000000002274
2018/09/12T15:00:00,224.3,224.3,0
2018/09/12T16:00:00,224.3,224.3,0
2018/09/12T17:00:00,224.3,224.3,0
2018/09/12T18:00:00,224.3,224.3,0
2018/09/12T19:00:00,224.3,224.3,0
2018/09/12T20:00:00,224.3,224.3,0
2018/09/12T21:00:00,224.3,224.3,0
2018/09/12T22:00:00,224.4,224.3,0.09999999999999432
2018/09/12T23:00:00,224.4,224.4,0
2018/09/13T00:00:00,224.4,224.4,0
2018/09/13T01:00:00,224.4,224.4,0
2018/09/13T02:00:00,224.4,224.4,0
2018/09/13T03:00:00,224.4,224.4,0
2018/09/13T04:00:00,224.4,224.4,0
2018/09/13T05:00:00,224.4,224.4,0
2018/09/13T06:00:00,224.5,224.4,0.09999999999999432
2018/09/13T07:00:00,224.5,224.5,0
2018/09/13T08:00:00,224.5,224.5,0
2018/09/13T09:00:00,224.5,224.5,0
2018/09/13T10:00:00,224.5,224.5,0
2018/09/13T11:00:00,224.5,224.5,0
2018/09/13T12:00:00,224.5,224.5,0
2018/09/13T13:00:00,224.5,224.5,0
2018/09/13T14:00:00,224.5,224.5,0
2018/09/13T15:00:00,224.6,224.5,0.09999999999999432
2018/09/13T16:00:00,224.6,224.6,0
2018/09/13T17:00:00,224.6,224.6,0
2018/09/13T18:00:00,224.6,224.6,0
2018/09/13T19:00:00,224.6,224.6,0
2018/09/13T20:00:00,224.6,224.6,0
2018/09/13T21:00:00,224.7,224.6,0.09999999999999432
2018/09/13T22:00:00,224.8,224.7,0.10000000000002274
2018/09/13T23:00:00,224.8,224.8,0
2018/09/14T00:00:00,224.8,224.8,0
2018/09/14T01:00:00,224.8,224.8,0
2018/09/14T02:00:00,224.8,224.8,0
2018/09/14T03:00:00,224.8,224.8,0
2018/09/14T04:00:00,224.8,224.8,0
2018/09/14T05:00:00,224.8,224.8,0
2018/09/14T06:00:00,224.8,224.8,0
2018/09/14T07:00:00,224.9,224.8,0.09999999999999432
2018/09/14T08:00:00,224.9,224.9,0
2018/09/14T09:00:00,224.9,224.9,0
2018/09/14T10:00:00,224.9,224.9,0
2018/09/14T11:00:00,224.9,224.9,0
2018/09/14T12:00:00,224.9,224.9,0
2018/09/14T13:00:00,225,224.9,0.09999999999999432
2018/09/14T14:00:00,225,225,0
2018/09/14T15:00:00,225.1,225,0.09999999999999432
2018/09/14T16:00:00,225.1,225.1,0
2018/09/14T17:00:00,225.1,225.1,0
2018/09/14T18:00:00,225.1,225.1,0
2018/09/14T19:00:00,225.1,225.1,0
2018/09/14T20:00:00,225.2,225.1,0.09999999999999432
2018/09/14T21:00:00,225.2,225.2,0
2018/09/14T22:00:00,225.2,225.2,0
2018/09/14T23:00:00,225.2,225.2,0
2018/09/15T00:00:00,225.3,225.2,0.10000000000002274
2018/09/15T01:00:00,225.3,225.3,0
2018/09/16T02:00:00,225.7,225.3,0.39999999999997726
2018/09/16T03:00:00,225.7,225.7,0
2018/09/16T04:00:00,225.7,225.7,0
2018/09/16T05:00:00,225.7,225.7,0
2018/09/16T06:00:00,225.7,225.7,0
2018/09/16T07:00:00,225.7,225.7,0
2018/09/16T08:00:00,225.7,225.7,0
2018/09/16T09:00:00,225.7,225.7,0
2018/09/16T10:00:00,225.7,225.7,0
2018/09/16T11:00:00,225.7,225.7,0
2018/09/16T12:00:00,225.8,225.7,0.10000000000002274
2018/09/16T13:00:00,225.8,225.8,0
2018/09/16T14:00:00,225.9,225.8,0.09999999999999432
2018/09/16T15:00:00,225.9,225.9,0
2018/09/16T16:00:00,225.9,225.9,0
2018/09/16T17:00:00,225.9,225.9,0
2018/09/16T18:00:00,226,225.9,0.09999999999999432
2018/09/16T19:00:00,226,226,0
2018/09/16T20:00:00,226.1,226,0.09999999999999432
2018/09/16T21:00:00,226.1,226.1,0
2018/09/16T22:00:00,226.1,226.1,0
2018/09/16T23:00:00,226.1,226.1,0
2018/09/17T00:00:00,226.1,226.1,0
2018/09/17T01:00:00,226.1,226.1,0
2018/09/17T02:00:00,226.1,226.1,0
2018/09/17T03:00:00,226.1,226.1,0
2018/09/17T04:00:00,226.1,226.1,0
2018/09/17T05:00:00,226.1,226.1,0
2018/09/17T06:00:00,226.1,226.1,0
2018/09/17T07:00:00,226.1,226.1,0
2018/09/17T08:00:00,226.1,226.1,0
2018/09/17T09:00:00,226.1,226.1,0
2018/09/17T10:00:00,226.1,226.1,0
2018/09/17T11:00:00,226.1,226.1,0
2018/09/17T12:00:00,226.2,226.1,0.09999999999999432
2018/09/17T13:00:00,226.2,226.2,0
2018/09/17T14:00:00,226.3,226.2,0.10000000000002274
2018/09/17T15:00:00,226.4,226.3,0.09999999999999432
2018/09/17T16:00:00,226.5,226.4,0.09999999999999432
2018/09/17T17:00:00,226.5,226.5,0
2018/09/17T18:00:00,226.5,226.5,0
2018/09/17T19:00:00,226.5,226.5,0
2018/09/17T20:00:00,226.5,226.5,0
2018/09/17T21:00:00,226.5,226.5,0
2018/09/17T22:00:00,226.6,226.5,0.09999999999999432
2018/09/17T23:00:00,226.6,226.6,0
2018/09/18T00:00:00,226.6,226.6,0
2018/09/18T01:00:00,226.6,226.6,0
2018/09/18T02:00:00,226.6,226.6,0
2018/09/18T03:00:00,226.6,226.6,0
2018/09/18T04:00:00,226.6,226.6,0
2018/09/18T05:00:00,226.6,226.6,0
2018/09/18T06:00:00,226.6,226.6,0
2018/09/18T07:00:00,226.6,226.6,0
2018/09/18T08:00:00,226.6,226.6,0
2018/09/18T09:00:00,226.6,226.6,0
2018/09/18T10:00:00,226.6,226.6,0
2018/09/18T11:00:00,226.6,226.6,0
2018/09/18T12:00:00,226.7,226.6,0.09999999999999432
2018/09/18T13:00:00,226.7,226.7,0
2018/09/18T14:00:00,226.8,226.7,0.10000000000002274
2018/09/18T15:00:00,226.8,226.8,0
2018/09/18T16:00:00,226.8,226.8,0
2018/09/18T17:00:00,226.8,226.8,0
2018/09/18T18:00:00,226.8,226.8,0
2018/09/18T19:00:00,226.8,226.8,0
2018/09/18T20:00:00,226.8,226.8,0
2018/09/18T21:00:00,226.9,226.8,0.09999999999999432
2018/09/18T22:00:00,226.9,226.9,0
2018/09/18T23:00:00,226.9,226.9,0
2018/09/19T00:00:00,226.9,226.9,0
2018/09/19T01:00:00,226.9,226.9,0
2018/09/19T02:00:00,226.9,226.9,0
2018/09/19T03:00:00,226.9,226.9,0
2018/09/19T04:00:00,226.9,226.9,0
2018/09/19T05:00:00,226.9,226.9,0
2018/09/19T06:00:00,226.9,226.9,0
2018/09/19T07:00:00,226.9,226.9,0
2018/09/19T08:00:00,226.9,226.9,0
2018/09/19T09:00:00,226.9,226.9,0
2018/09/19T10:00:00,226.9,226.9,0
2018/09/19T11:00:00,227,226.9,0.09999999999999432
2018/09/19T12:00:00,227,227,0
2018/09/19T13:00:00,227,227,0
2018/09/19T14:00:00,227,227,0
2018/09/19T15:00:00,227,227,0
2018/09/19T16:00:00,227.1,227,0.09999999999999432
2018/09/19T17:00:00,227.1,227.1,0
2018/09/19T18:00:00,227.1,227.1,0
2018/09/19T19:00:00,227.2,227.1,0.09999999999999432
2018/09/19T20:00:00,227.2,227.2,0
2018/09/19T21:00:00,227.3,227.2,0.10000000000002274
2018/09/19T22:00:00,227.3,227.3,0
2018/09/19T23:00:00,227.4,227.3,0.09999999999999432
2018/09/20T00:00:00,227.4,227.4,0
2018/09/20T01:00:00,227.4,227.4,0
2018/09/20T02:00:00,227.4,227.4,0
2018/09/20T03:00:00,227.4,227.4,0
2018/09/20T04:00:00,227.4,227.4,0
2018/09/20T05:00:00,227.4,227.4,0
2018/09/20T06:00:00,227.4,227.4,0
2018/09/20T07:00:00,227.4,227.4,0
2018/09/20T08:00:00,227.4,227.4,0
2018/09/20T09:00:00,227.4,227.4,0
2018/09/20T10:00:00,227.4,227.4,0
2018/09/20T11:00:00,227.5,227.4,0.09999999999999432
2018/09/20T12:00:00,227.5,227.5,0
2018/09/20T13:00:00,227.5,227.5,0
2018/09/20T14:00:00,227.5,227.5,0
2018/09/20T15:00:00,227.6,227.5,0.09999999999999432
2018/09/20T16:00:00,227.7,227.6,0.09999999999999432
2018/09/20T17:00:00,227.7,227.7,0
2018/09/20T18:00:00,227.8,227.7,0.10000000000002274
2018/09/20T19:00:00,227.8,227.8,0
2018/09/20T20:00:00,227.8,227.8,0
2018/09/20T21:00:00,227.8,227.8,0
2018/09/20T22:00:00,227.8,227.8,0
2018/09/20T23:00:00,227.8,227.8,0
